{
  "accuracy": 0.7142857142857143,
  "roc_auc": 0.8222222222222223,
  "best_C": 1.0,
  "coefficients": {
    "Glucose": 1.1380691310175295,
    "BMI": 0.709413624535599,
    "Pregnancies": 0.3668395076072135,
    "DiabetesPedigreeFunction": 0.24657783704574304,
    "BloodPressure": -0.18322521002768005,
    "Age": 0.1746875777986944,
    "Insulin": -0.1077888250503812,
    "SkinThickness": 0.04513153222423272
  }
}